frame,type,pid,team,timestamp
99,dribble,1,B,3.2999736
100,dribble,1,B,3.3333066666666666
101,dribble,1,B,3.3666397333333333
102,dribble,1,B,3.3999728
103,dribble,1,B,3.4333058666666667
104,dribble,1,B,3.4666389333333334
105,dribble,1,B,3.499972
106,dribble,1,B,3.5333050666666668
107,dribble,1,B,3.5666381333333335
108,dribble,1,B,3.5999712
109,dribble,1,B,3.6333042666666664
110,dribble,1,B,3.666637333333333
111,dribble,1,B,3.6999703999999998
112,dribble,1,B,3.7333034666666665
113,dribble,1,B,3.766636533333333
114,dribble,1,B,3.7999696
115,dribble,1,B,3.8333026666666665
116,dribble,1,B,3.866635733333333
132,dribble,5,A,4.3999648
133,dribble,5,A,4.433297866666667
134,dribble,5,A,4.466630933333334
135,dribble,5,A,4.499964
136,dribble,5,A,4.533297066666667
137,dribble,5,A,4.566630133333334
138,dribble,5,A,4.5999631999999995
139,dribble,5,A,4.633296266666666
140,dribble,5,A,4.666629333333333
141,dribble,5,B,4.6999623999999995
142,dribble,5,B,4.733295466666666
143,dribble,5,B,4.766628533333333
144,dribble,5,B,4.7999616
145,dribble,5,B,4.833294666666666
146,dribble,5,B,4.866627733333333
147,dribble,5,B,4.8999608
148,dribble,5,B,4.933293866666666
149,dribble,5,B,4.966626933333333
150,dribble,5,B,4.99996
151,dribble,5,B,5.033293066666666
152,dribble,5,B,5.066626133333333
153,dribble,5,B,5.0999592
154,dribble,5,B,5.1332922666666665
155,dribble,5,B,5.166625333333333
172,dribble,21,A,5.733287466666667
173,dribble,21,A,5.766620533333334
174,dribble,21,A,5.7999536
175,dribble,21,A,5.833286666666667
176,dribble,21,A,5.866619733333334
177,dribble,21,A,5.899952799999999
178,dribble,21,A,5.933285866666666
179,dribble,21,A,5.966618933333333
180,dribble,21,A,5.9999519999999995
181,dribble,21,A,6.033285066666666
182,dribble,21,A,6.066618133333333
183,dribble,21,A,6.0999512
184,dribble,21,A,6.133284266666666
185,dribble,21,A,6.166617333333333
186,dribble,21,A,6.1999504
187,dribble,21,A,6.233283466666666
188,dribble,21,A,6.266616533333333
207,dribble,21,B,6.8999448
223,dribble,24,A,7.433273866666666
224,dribble,24,A,7.466606933333333
225,dribble,24,A,7.49994
226,dribble,24,A,7.533273066666666
227,dribble,24,A,7.566606133333333
228,dribble,24,A,7.5999392
229,dribble,24,A,7.633272266666666
230,dribble,24,A,7.666605333333333
231,dribble,24,A,7.6999384
232,dribble,24,A,7.733271466666666
233,dribble,24,A,7.766604533333333
234,dribble,24,A,7.7999376
235,dribble,24,B,7.8332706666666665
236,dribble,24,B,7.866603733333333
276,dribble,34,A,9.199926399999999
277,dribble,34,A,9.233259466666667
278,dribble,34,A,9.266592533333332
279,dribble,34,A,9.2999256
280,dribble,34,A,9.333258666666666
281,dribble,34,A,9.366591733333333
282,dribble,34,A,9.399924799999999
283,dribble,34,A,9.433257866666667
284,dribble,34,A,9.466590933333332
285,dribble,34,A,9.499924
286,dribble,34,A,9.533257066666666
287,dribble,34,A,9.566590133333333
288,dribble,34,A,9.5999232
289,dribble,34,A,9.633256266666667
290,dribble,34,A,9.666589333333333
291,dribble,34,A,9.6999224
292,dribble,34,A,9.733255466666666
317,dribble,30,A,10.566582133333332
318,dribble,30,A,10.5999152
319,dribble,30,A,10.633248266666666
320,dribble,30,A,10.666581333333333
321,dribble,30,A,10.699914399999999
322,dribble,30,A,10.733247466666667
323,dribble,30,A,10.766580533333332
324,dribble,30,A,10.7999136
325,dribble,30,A,10.833246666666666
326,dribble,30,A,10.866579733333333
327,dribble,30,A,10.8999128
328,dribble,30,A,10.933245866666667
329,dribble,30,A,10.966578933333333
330,dribble,30,A,10.999912
331,dribble,30,A,11.033245066666666
332,dribble,30,A,11.066578133333334
333,dribble,30,A,11.0999112
334,dribble,30,A,11.133244266666667
335,dribble,30,A,11.166577333333333
336,dribble,30,A,11.1999104
337,dribble,30,A,11.233243466666666
338,dribble,30,A,11.266576533333334
339,dribble,30,A,11.2999096
550,dribble,202,B,18.333186666666666
551,dribble,202,B,18.366519733333334
552,dribble,202,B,18.399852799999998
553,dribble,202,B,18.433185866666665
554,dribble,202,B,18.466518933333333
555,dribble,202,B,18.499852
556,dribble,202,B,18.533185066666665
557,dribble,202,B,18.566518133333332
558,dribble,202,B,18.5998512
559,dribble,202,B,18.633184266666667
560,dribble,202,B,18.66651733333333
576,dribble,212,A,19.1998464
577,dribble,212,A,19.233179466666666
578,dribble,212,A,19.266512533333334
579,dribble,212,A,19.2998456
580,dribble,212,A,19.333178666666665
581,dribble,212,A,19.366511733333333
582,dribble,212,A,19.3998448
583,dribble,212,A,19.433177866666668
584,dribble,212,A,19.466510933333332
585,dribble,212,A,19.499844
586,dribble,212,A,19.533177066666667
587,dribble,212,A,19.566510133333335
633,dribble,234,A,21.0998312
634,dribble,234,A,21.133164266666665
635,dribble,234,A,21.166497333333332
636,dribble,234,A,21.1998304
637,dribble,234,A,21.233163466666667
638,dribble,234,A,21.26649653333333
639,dribble,234,A,21.2998296
640,dribble,234,A,21.333162666666666
641,dribble,234,A,21.366495733333334
642,dribble,234,A,21.399828799999998
643,dribble,234,A,21.433161866666666
644,dribble,234,A,21.466494933333333
645,dribble,234,A,21.499828
646,dribble,234,A,21.533161066666665
647,dribble,234,A,21.566494133333332
666,dribble,243,A,22.1998224
667,dribble,243,A,22.233155466666666
668,dribble,243,A,22.266488533333334
669,dribble,243,A,22.299821599999998
670,dribble,243,A,22.333154666666665
671,dribble,243,A,22.366487733333333
672,dribble,243,A,22.3998208
673,dribble,243,A,22.433153866666665
674,dribble,243,A,22.466486933333332
675,dribble,243,A,22.49982
737,dribble,255,B,24.566470133333333
738,dribble,255,B,24.5998032
739,dribble,255,B,24.633136266666668
740,dribble,255,B,24.666469333333332
741,dribble,255,B,24.6998024
742,dribble,255,B,24.733135466666667
743,dribble,255,B,24.766468533333335
744,dribble,255,B,24.7998016
745,dribble,255,B,24.833134666666666
746,dribble,255,B,24.866467733333334
747,dribble,255,B,24.8998008
748,dribble,255,B,24.933133866666665
749,dribble,255,B,24.966466933333333
750,dribble,255,B,24.9998
751,dribble,255,B,25.033133066666664
752,dribble,255,B,25.066466133333332
753,dribble,255,B,25.0997992
754,dribble,255,B,25.133132266666667
755,dribble,255,B,25.16646533333333
756,dribble,255,B,25.1997984
757,dribble,255,B,25.233131466666666
758,dribble,255,B,25.266464533333334
759,dribble,255,B,25.299797599999998
760,dribble,255,B,25.333130666666666
761,dribble,255,B,25.366463733333333
762,dribble,255,B,25.3997968
793,dribble,297,A,26.433121866666667
794,dribble,297,A,26.46645493333333
795,dribble,297,A,26.499788
796,dribble,297,A,26.533121066666666
797,dribble,297,A,26.566454133333334
798,dribble,297,A,26.599787199999998
799,dribble,297,A,26.633120266666666
800,dribble,297,A,26.666453333333333
801,dribble,297,A,26.6997864
802,dribble,297,A,26.733119466666665
930,goal,417,A,30.999752
931,goal,417,A,31.033085066666665
932,goal,417,A,31.066418133333332
933,goal,417,A,31.0997512
934,goal,417,A,31.133084266666668
935,goal,420,A,31.16641733333333
936,goal,420,A,31.1997504
937,goal,420,A,31.233083466666667
938,goal,420,A,31.266416533333334
939,goal,420,A,31.2997496
940,goal,420,A,31.333082666666666
941,goal,420,A,31.366415733333334
942,goal,420,A,31.3997488
943,goal,420,A,31.433081866666665
944,goal,420,A,31.466414933333333
945,goal,420,A,31.499748
946,goal,420,A,31.533081066666664
947,goal,420,A,31.566414133333332
970,dribble,431,B,32.33307466666667
971,dribble,431,B,32.36640773333333
972,dribble,431,B,32.3997408
973,dribble,431,B,32.43307386666667
974,dribble,431,B,32.46640693333333
975,dribble,431,B,32.49974
976,dribble,431,B,32.53307306666667
977,dribble,431,B,32.56640613333333
978,dribble,431,B,32.5997392
979,dribble,431,B,32.633072266666666
980,dribble,431,B,32.66640533333333
981,dribble,431,B,32.6997384
982,dribble,431,B,32.733071466666665
983,dribble,431,B,32.766404533333336
984,dribble,431,B,32.7997376
985,dribble,431,B,32.833070666666664
986,dribble,431,B,32.866403733333335
987,dribble,431,B,32.8997368
988,dribble,431,B,32.93306986666666
989,dribble,431,B,32.966402933333335
990,dribble,431,B,32.999736
991,dribble,431,B,33.03306906666666
992,dribble,431,B,33.066402133333334
993,dribble,431,B,33.0997352
994,dribble,431,B,33.13306826666667
995,dribble,431,B,33.16640133333333
996,dribble,431,B,33.1997344
997,dribble,431,B,33.23306746666667
998,dribble,431,B,33.26640053333333
999,dribble,431,B,33.299733599999996
1000,dribble,431,B,33.33306666666667
1001,dribble,431,B,33.36639973333333
1002,dribble,431,B,33.3997328
1003,dribble,431,B,33.43306586666667
1004,dribble,431,B,33.46639893333333
1044,goal,470,B,34.7997216
1045,goal,470,B,34.83305466666667
1046,goal,470,B,34.86638773333333
1046,dribble,470,B,34.86638773333333
1047,goal,470,B,34.8997208
1047,dribble,470,B,34.8997208
1048,dribble,470,B,34.93305386666667
1049,dribble,470,B,34.96638693333333
1050,dribble,470,B,34.999719999999996
1051,dribble,470,B,35.03305306666667
1052,dribble,470,B,35.06638613333333
1053,dribble,470,B,35.0997192
1054,dribble,470,B,35.13305226666667
1055,dribble,470,B,35.16638533333333
1056,dribble,470,B,35.1997184
1057,dribble,470,B,35.233051466666666
1058,dribble,470,B,35.26638453333333
1059,dribble,470,B,35.2997176
1060,dribble,470,B,35.333050666666665
1061,dribble,470,B,35.366383733333336
1062,dribble,470,B,35.3997168
1063,dribble,470,B,35.433049866666664
1064,dribble,470,B,35.466382933333335
1065,dribble,470,B,35.499716
1066,dribble,470,B,35.53304906666666
1067,dribble,470,B,35.566382133333335
1068,dribble,470,B,35.5997152
1181,dribble,578,A,39.36635173333333
1182,dribble,578,A,39.399684799999996
1183,dribble,578,A,39.43301786666667
1184,dribble,578,A,39.46635093333333
1185,dribble,578,A,39.499684
1186,dribble,578,A,39.533017066666666
1187,dribble,578,A,39.56635013333333
1203,dribble,582,B,40.0996792
1204,dribble,582,B,40.13301226666667
1205,dribble,582,B,40.16634533333333
1206,dribble,582,B,40.199678399999996
1207,dribble,582,B,40.23301146666667
1208,dribble,582,B,40.26634453333333
1209,dribble,582,B,40.2996776
1210,dribble,582,B,40.33301066666667
1211,dribble,582,B,40.36634373333333
1212,dribble,582,B,40.3996768
1213,dribble,582,B,40.433009866666666
1214,dribble,582,B,40.46634293333333
1215,dribble,582,B,40.499676
1216,dribble,582,B,40.533009066666665
1217,dribble,582,B,40.566342133333336
1300,dribble,560,B,43.33298666666666
1301,dribble,560,B,43.366319733333334
1386,dribble,666,B,46.1996304
1387,dribble,666,B,46.23296346666667
1388,dribble,666,B,46.26629653333333
1389,dribble,666,B,46.299629599999996
1390,dribble,666,B,46.33296266666667
1391,dribble,666,B,46.36629573333333
1392,dribble,666,B,46.3996288
1393,dribble,666,B,46.432961866666666
1394,dribble,666,B,46.46629493333333
1395,dribble,666,B,46.499628
1396,dribble,666,B,46.532961066666665
1397,dribble,666,B,46.56629413333333
1398,dribble,666,B,46.5996272
1399,dribble,666,B,46.632960266666664
1400,dribble,666,B,46.666293333333336
1401,dribble,666,B,46.6996264
1402,dribble,666,B,46.732959466666664
1403,dribble,666,B,46.766292533333335
1404,dribble,666,B,46.7996256
1423,pass,671,A,47.432953866666665
1464,goal,743,B,48.7996096
1480,pass,743,B,49.332938666666664
1529,dribble,772,A,50.966258933333336
1530,dribble,772,A,50.999592
1531,dribble,772,A,51.032925066666664
1532,dribble,772,A,51.066258133333335
1533,dribble,772,A,51.0995912
1534,dribble,772,A,51.13292426666666
1535,dribble,772,A,51.166257333333334
1536,dribble,772,A,51.1995904
1563,dribble,754,B,52.0995832
1621,dribble,809,B,54.03290106666667
1622,dribble,809,B,54.06623413333333
1623,dribble,809,B,54.099567199999996
1624,dribble,809,B,54.13290026666667
1625,dribble,809,B,54.16623333333333
1626,dribble,809,B,54.1995664
1627,dribble,809,B,54.232899466666666
1628,dribble,809,B,54.26623253333333
1629,dribble,809,B,54.2995656
1630,dribble,809,B,54.332898666666665
1631,dribble,809,B,54.36623173333333
1632,dribble,809,B,54.3995648
1633,dribble,809,B,54.432897866666664
1634,dribble,809,B,54.466230933333335
1635,dribble,809,B,54.499564
1636,dribble,809,B,54.53289706666666
1637,dribble,809,B,54.566230133333335
1638,dribble,809,B,54.5995632
1639,dribble,809,B,54.63289626666666
1640,dribble,809,B,54.666229333333334
1641,dribble,809,B,54.6995624
1642,dribble,809,B,54.73289546666667
1643,dribble,809,B,54.76622853333333
1644,dribble,809,B,54.7995616
1645,dribble,809,B,54.83289466666667
1646,dribble,809,B,54.86622773333333
1666,dribble,836,A,55.53288906666666
1667,dribble,836,A,55.56622213333333
1668,dribble,836,A,55.5995552
1670,dribble,836,A,55.66622133333333
1682,dribble,836,A,56.06621813333333
1683,dribble,836,A,56.0995512
1684,dribble,836,A,56.132884266666665
1685,dribble,836,A,56.166217333333336
1686,dribble,836,A,56.1995504
1687,dribble,836,A,56.232883466666664
1731,dribble,855,A,57.6995384
1732,dribble,855,B,57.732871466666666
1791,dribble,893,A,59.6995224
1792,dribble,893,A,59.73285546666666
1793,dribble,893,A,59.766188533333334
1794,dribble,893,A,59.7995216
1795,dribble,893,A,59.83285466666666
1796,dribble,893,A,59.866187733333334
1797,dribble,893,A,59.8995208
1798,dribble,893,A,59.93285386666667
1799,dribble,893,A,59.96618693333333
1800,dribble,893,A,59.99952
1801,dribble,893,A,60.03285306666667
1802,dribble,893,A,60.06618613333333
1803,dribble,893,A,60.099519199999996
1804,dribble,893,A,60.13285226666667
1805,dribble,893,A,60.16618533333333
1806,dribble,893,A,60.1995184
1807,dribble,893,A,60.232851466666666
1808,dribble,893,A,60.26618453333333
1809,dribble,893,A,60.2995176
1810,dribble,893,A,60.332850666666666
1811,dribble,893,A,60.36618373333333
1812,dribble,893,A,60.3995168
1813,dribble,893,A,60.432849866666665
1814,dribble,893,A,60.46618293333333
1815,dribble,893,A,60.499516
1816,dribble,893,A,60.532849066666664
1817,dribble,893,A,60.566182133333335
1818,dribble,893,A,60.5995152
1819,dribble,893,A,60.63284826666666
1820,dribble,893,A,60.666181333333334
1821,dribble,893,A,60.6995144
1822,dribble,893,A,60.73284746666666
1823,dribble,893,A,60.76618053333333
1824,dribble,893,A,60.7995136
1840,dribble,884,B,61.332842666666664
1841,dribble,884,B,61.366175733333336
1842,dribble,884,B,61.3995088
1843,dribble,884,B,61.432841866666664
1844,dribble,884,B,61.466174933333335
1845,dribble,884,A,61.499508
1846,dribble,884,A,61.53284106666666
1847,dribble,884,A,61.566174133333334
1848,dribble,884,A,61.5995072
1849,dribble,884,A,61.63284026666666
1850,dribble,884,A,61.66617333333333
1851,dribble,884,A,61.6995064
1852,dribble,884,A,61.73283946666667
1869,dribble,884,A,62.2995016
1870,dribble,884,B,62.33283466666666
1871,dribble,884,A,62.366167733333334
1872,dribble,884,A,62.3995008
1873,dribble,884,A,62.43283386666666
1874,dribble,884,A,62.466166933333334
1875,dribble,884,A,62.4995
1876,dribble,884,A,62.53283306666667
1877,dribble,884,A,62.56616613333333
1878,dribble,884,A,62.5994992
1879,dribble,884,A,62.63283226666667
1880,dribble,884,A,62.66616533333333
1881,dribble,884,A,62.699498399999996
1882,dribble,884,A,62.73283146666667
1883,dribble,884,A,62.76616453333333
1884,dribble,884,A,62.7994976
1885,dribble,884,A,62.832830666666666
1940,dribble,981,A,64.66614933333334
1941,dribble,981,A,64.6994824
1942,dribble,981,A,64.73281546666666
1943,dribble,981,A,64.76614853333334
1944,dribble,981,A,64.7994816
1945,dribble,981,A,64.83281466666666
1946,dribble,981,A,64.86614773333334
1947,dribble,981,A,64.89948079999999
1948,dribble,981,A,64.93281386666666
1949,dribble,981,A,64.96614693333333
1950,dribble,981,A,64.99948
1951,dribble,981,A,65.03281306666666
1952,dribble,981,A,65.06614613333333
1953,dribble,981,A,65.0994792
1954,dribble,981,A,65.13281226666666
1955,dribble,981,A,65.16614533333333
1956,dribble,981,A,65.1994784
1957,dribble,981,A,65.23281146666666
1958,dribble,981,A,65.26614453333333
1959,dribble,981,A,65.2994776
1960,dribble,981,A,65.33281066666666
1961,dribble,981,A,65.36614373333333
1962,dribble,981,A,65.3994768
1963,dribble,981,A,65.43280986666666
1964,dribble,981,A,65.46614293333333
1965,dribble,981,A,65.499476
1983,dribble,1004,B,66.0994712
1984,dribble,1004,B,66.13280426666667
2034,dribble,1025,B,67.7994576
2035,dribble,1025,B,67.83279066666667
2036,dribble,1025,B,67.86612373333334
2037,dribble,1025,B,67.8994568
2038,dribble,1025,B,67.93278986666667
2039,dribble,1025,B,67.96612293333334
2040,dribble,1025,B,67.999456
2041,dribble,1025,B,68.03278906666667
2042,dribble,1025,B,68.06612213333334
2043,dribble,1025,B,68.0994552
2044,dribble,1025,B,68.13278826666667
2045,dribble,1025,B,68.16612133333334
2046,dribble,1025,B,68.1994544
2047,dribble,1025,B,68.23278746666666
2048,dribble,1025,B,68.26612053333334
2049,dribble,1025,B,68.29945359999999
2050,dribble,1025,B,68.33278666666666
2051,dribble,1025,B,68.36611973333333
2052,dribble,1025,B,68.39945279999999
2053,dribble,1025,B,68.43278586666666
2054,dribble,1025,B,68.46611893333333
2055,dribble,1025,B,68.499452
2056,dribble,1025,B,68.53278506666666
2057,dribble,1025,B,68.56611813333333
2058,dribble,1025,B,68.5994512
2059,dribble,1025,B,68.63278426666666
2060,dribble,1025,B,68.66611733333333
2061,dribble,1025,B,68.6994504
2062,dribble,1025,B,68.73278346666666
2063,dribble,1025,B,68.76611653333333
2064,dribble,1025,B,68.7994496
2065,dribble,1025,B,68.83278266666666
2066,dribble,1025,B,68.86611573333333
2085,goal,1025,B,69.499444
2095,goal,1025,B,69.83277466666667
2095,dribble,1025,B,69.83277466666667
2099,goal,1046,B,69.96610693333334
2100,goal,1046,B,69.99943999999999
2101,goal,1046,B,70.03277306666666
2102,goal,1046,B,70.06610613333334
2103,goal,1046,B,70.09943919999999
2104,goal,1046,B,70.13277226666666
2105,goal,1046,B,70.16610533333333
2106,goal,1046,B,70.1994384
2107,goal,1046,B,70.23277146666666
2108,goal,1046,B,70.26610453333333
2109,goal,1046,B,70.2994376
2110,goal,1046,B,70.33277066666666
2111,goal,1046,B,70.36610373333333
2112,goal,1046,B,70.3994368
2113,goal,1046,B,70.43276986666666
2114,goal,1046,B,70.46610293333333
2114,dribble,1046,B,70.46610293333333
2115,goal,1046,B,70.499436
2115,dribble,1046,B,70.499436
2116,goal,1046,B,70.53276906666666
2116,dribble,1046,B,70.53276906666666
2117,goal,1046,B,70.56610213333333
2117,dribble,1046,B,70.56610213333333
2118,goal,1046,B,70.5994352
2118,dribble,1046,B,70.5994352
2119,goal,1046,B,70.63276826666666
2119,dribble,1046,B,70.63276826666666
2120,goal,1046,B,70.66610133333333
2120,dribble,1046,B,70.66610133333333
2121,goal,1046,B,70.6994344
2121,dribble,1046,B,70.6994344
2122,goal,1046,B,70.73276746666667
2122,dribble,1046,B,70.73276746666667
2123,goal,1046,B,70.76610053333333
2123,dribble,1046,B,70.76610053333333
2124,goal,1046,B,70.7994336
2124,dribble,1046,B,70.7994336
2125,goal,1046,B,70.83276666666667
2125,dribble,1046,B,70.83276666666667
2126,goal,1046,B,70.86609973333333
2126,dribble,1046,B,70.86609973333333
2127,goal,1046,B,70.8994328
2127,dribble,1046,B,70.8994328
2128,goal,1046,B,70.93276586666667
2128,dribble,1046,B,70.93276586666667
2152,dribble,1074,B,71.73275946666666
2153,dribble,1074,B,71.76609253333334
2172,dribble,1087,A,72.3994208
2173,dribble,1087,A,72.43275386666666
2174,dribble,1087,A,72.46608693333333
2175,dribble,1087,A,72.49942
2176,dribble,1087,A,72.53275306666667
2234,dribble,1120,B,74.46607093333333
2235,dribble,1120,B,74.499404
2236,dribble,1120,B,74.53273706666667
2252,dribble,1124,A,75.06606613333334
2253,dribble,1124,A,75.0993992
2254,dribble,1124,A,75.13273226666666
2255,dribble,1124,A,75.16606533333334
2256,dribble,1124,A,75.19939839999999
2257,dribble,1124,A,75.23273146666666
2290,dribble,1139,B,76.33272266666667
2291,dribble,1139,B,76.36605573333333
2292,dribble,1139,B,76.3993888
2293,dribble,1139,B,76.43272186666667
2294,dribble,1139,B,76.46605493333333
2295,dribble,1139,B,76.499388
2296,dribble,1139,B,76.53272106666667
2297,dribble,1139,B,76.56605413333334
2298,dribble,1139,B,76.5993872
2299,dribble,1139,B,76.63272026666667
2300,dribble,1139,B,76.66605333333334
2301,dribble,1139,B,76.6993864
2302,dribble,1139,B,76.73271946666667
2425,dribble,1211,B,80.83268666666666
2426,dribble,1211,B,80.86601973333333
2427,dribble,1211,B,80.8993528
2483,dribble,1284,A,82.76600453333333
2484,dribble,1284,A,82.7993376
2485,dribble,1284,A,82.83267066666666
2486,dribble,1284,A,82.86600373333333
2487,dribble,1284,A,82.8993368
2488,dribble,1284,A,82.93266986666667
2489,dribble,1284,A,82.96600293333333
2490,dribble,1284,A,82.999336
2491,dribble,1284,A,83.03266906666667
2492,dribble,1284,A,83.06600213333333
2493,dribble,1284,A,83.0993352
2494,dribble,1284,A,83.13266826666667
2495,dribble,1284,A,83.16600133333333
2496,dribble,1284,A,83.1993344
2497,dribble,1284,A,83.23266746666667
2498,dribble,1284,A,83.26600053333333
2499,dribble,1284,A,83.2993336
2500,dribble,1284,A,83.33266666666667
2501,dribble,1284,A,83.36599973333333
2502,dribble,1284,A,83.3993328
2503,dribble,1284,A,83.43266586666667
2504,dribble,1284,A,83.46599893333334
2505,dribble,1284,A,83.499332
2506,dribble,1284,A,83.53266506666667
2507,dribble,1284,A,83.56599813333334
2508,dribble,1284,A,83.5993312
2509,dribble,1284,A,83.63266426666667
2510,dribble,1284,A,83.66599733333334
2511,dribble,1284,A,83.6993304
2512,dribble,1284,A,83.73266346666666
2513,dribble,1284,A,83.76599653333334
2514,dribble,1284,A,83.7993296
2515,dribble,1284,A,83.83266266666666
2519,goal,1277,B,83.96599493333333
2520,goal,1277,B,83.99932799999999
2521,goal,1277,B,84.03266106666666
2522,goal,1277,B,84.06599413333333
2523,goal,1277,B,84.0993272
2524,goal,1277,B,84.13266026666666
2525,goal,1277,B,84.16599333333333
2526,goal,1277,B,84.1993264
2527,goal,1277,B,84.23265946666666
2528,goal,1277,B,84.26599253333333
2529,goal,1277,B,84.2993256
2530,goal,1277,B,84.33265866666666
2531,goal,1277,B,84.36599173333333
2531,dribble,1277,B,84.36599173333333
2532,goal,1277,B,84.3993248
2532,dribble,1277,B,84.3993248
2533,goal,1277,B,84.43265786666666
2533,dribble,1277,B,84.43265786666666
2534,goal,1277,B,84.46599093333333
2534,dribble,1277,B,84.46599093333333
2535,goal,1277,B,84.499324
2535,dribble,1277,B,84.499324
2536,goal,1277,B,84.53265706666666
2536,dribble,1277,B,84.53265706666666
2537,goal,1277,B,84.56599013333333
2537,dribble,1277,B,84.56599013333333
2538,goal,1277,B,84.5993232
2538,dribble,1277,B,84.5993232
2539,goal,1277,B,84.63265626666667
2539,dribble,1277,B,84.63265626666667
2540,goal,1277,B,84.66598933333333
2540,dribble,1277,B,84.66598933333333
2541,goal,1277,B,84.6993224
2541,dribble,1277,B,84.6993224
2542,goal,1277,B,84.73265546666667
2542,dribble,1277,B,84.73265546666667
2543,goal,1277,B,84.76598853333333
2543,dribble,1277,B,84.76598853333333
2544,goal,1277,B,84.7993216
2544,dribble,1277,B,84.7993216
2545,goal,1277,B,84.83265466666667
2545,dribble,1277,B,84.83265466666667
2546,goal,1277,B,84.86598773333333
2546,dribble,1277,B,84.86598773333333
2547,goal,1277,B,84.8993208
2547,dribble,1277,B,84.8993208
2548,goal,1277,B,84.93265386666667
2548,dribble,1277,B,84.93265386666667
2549,goal,1277,B,84.96598693333333
2549,dribble,1277,B,84.96598693333333
2550,goal,1277,B,84.99932
2550,dribble,1277,B,84.99932
2551,goal,1277,B,85.03265306666667
2551,dribble,1277,B,85.03265306666667
2552,goal,1277,B,85.06598613333333
2552,dribble,1277,B,85.06598613333333
2553,goal,1277,B,85.0993192
2553,dribble,1277,B,85.0993192
2554,goal,1277,B,85.13265226666667
2554,dribble,1277,B,85.13265226666667
2555,goal,1277,B,85.16598533333334
2555,dribble,1277,B,85.16598533333334
2556,goal,1277,B,85.1993184
2556,dribble,1277,B,85.1993184
2557,goal,1277,B,85.23265146666667
2557,dribble,1277,B,85.23265146666667
2558,goal,1277,B,85.26598453333334
2558,dribble,1277,B,85.26598453333334
2559,goal,1277,B,85.2993176
2559,dribble,1277,B,85.2993176
2567,goal,1344,B,85.56598213333334
2568,goal,1344,B,85.59931519999999
2569,goal,1344,B,85.63264826666666
2570,goal,1344,B,85.66598133333333
2571,goal,1344,B,85.69931439999999
2588,goal,1356,B,86.26597653333333
2589,goal,1356,B,86.2993096
2590,goal,1356,B,86.33264266666667
2591,goal,1356,B,86.36597573333333
2600,goal,1357,B,86.66597333333333
2601,goal,1357,B,86.6993064
2602,goal,1357,B,86.73263946666667
2603,goal,1357,B,86.76597253333333
2604,goal,1361,B,86.7993056
2605,goal,1361,B,86.83263866666667
2606,goal,1361,B,86.86597173333332
2610,goal,1357,B,86.999304
2611,goal,1357,B,87.03263706666667
2612,goal,1357,B,87.06597013333334
2613,goal,1357,B,87.0993032
2614,goal,1357,B,87.13263626666667
2616,goal,1361,B,87.1993024
2617,goal,1361,B,87.23263546666666
2618,goal,1361,B,87.26596853333334
2619,goal,1361,B,87.29930159999999
2623,goal,1361,B,87.43263386666666
2624,goal,1361,B,87.46596693333333
2628,goal,1361,B,87.5992992
2629,goal,1361,B,87.63263226666666
2630,goal,1361,B,87.66596533333333
2631,goal,1361,B,87.6992984
2632,goal,1361,B,87.73263146666666
2636,goal,1361,B,87.86596373333333
2637,goal,1361,B,87.8992968
2638,goal,1361,B,87.93262986666666
2639,goal,1361,B,87.96596293333333
2640,goal,1361,B,87.999296
2641,goal,1361,B,88.03262906666666
2642,goal,1361,B,88.06596213333333
2643,goal,1361,B,88.0992952
2644,goal,1361,B,88.13262826666667
2645,goal,1361,B,88.16596133333333
2646,goal,1361,B,88.1992944
2647,goal,1361,B,88.23262746666667
2648,goal,1361,B,88.26596053333333
2649,goal,1361,B,88.2992936
2650,goal,1361,B,88.33262666666667
2651,goal,1361,B,88.36595973333333
2651,dribble,1361,B,88.36595973333333
2652,goal,1361,B,88.3992928
2652,dribble,1361,B,88.3992928
2653,goal,1361,B,88.43262586666667
2653,dribble,1361,B,88.43262586666667
2654,goal,1361,B,88.46595893333333
2654,dribble,1361,B,88.46595893333333
2655,goal,1361,B,88.499292
2655,dribble,1361,B,88.499292
2656,goal,1361,B,88.53262506666667
2656,dribble,1361,B,88.53262506666667
2657,goal,1361,B,88.56595813333333
2657,dribble,1361,B,88.56595813333333
2658,goal,1361,B,88.5992912
2658,dribble,1361,B,88.5992912
2659,goal,1361,B,88.63262426666667
2659,dribble,1361,B,88.63262426666667
2660,goal,1361,B,88.66595733333334
2660,dribble,1361,B,88.66595733333334
2661,goal,1361,B,88.6992904
2661,dribble,1361,B,88.6992904
2662,goal,1361,B,88.73262346666667
2662,dribble,1361,B,88.73262346666667
2663,goal,1361,B,88.76595653333334
2663,dribble,1361,B,88.76595653333334
2664,goal,1361,B,88.7992896
2664,dribble,1361,B,88.7992896
2665,goal,1361,B,88.83262266666667
2665,dribble,1361,B,88.83262266666667
2666,goal,1361,B,88.86595573333334
2666,dribble,1361,B,88.86595573333334
2667,goal,1361,B,88.8992888
2667,dribble,1361,B,88.8992888
2668,goal,1361,B,88.93262186666666
2668,dribble,1361,B,88.93262186666666
2669,goal,1361,B,88.96595493333334
2669,dribble,1361,B,88.96595493333334
2670,goal,1361,B,88.99928799999999
2670,dribble,1361,B,88.99928799999999
2671,goal,1361,B,89.03262106666666
2671,dribble,1361,B,89.03262106666666
2672,goal,1361,B,89.06595413333334
2672,dribble,1361,B,89.06595413333334
2673,goal,1361,B,89.09928719999999
2673,dribble,1361,B,89.09928719999999
2674,goal,1361,B,89.13262026666666
2674,dribble,1361,B,89.13262026666666
2675,goal,1361,B,89.16595333333333
2675,dribble,1361,B,89.16595333333333
2676,goal,1361,B,89.19928639999999
2676,dribble,1361,B,89.19928639999999
2677,goal,1361,B,89.23261946666666
2677,dribble,1361,B,89.23261946666666
2678,goal,1361,B,89.26595253333333
2678,dribble,1361,B,89.26595253333333
2679,goal,1361,B,89.2992856
2679,dribble,1361,B,89.2992856
2680,goal,1361,B,89.33261866666666
2680,dribble,1361,B,89.33261866666666
2681,goal,1361,B,89.36595173333333
2681,dribble,1361,B,89.36595173333333
2682,goal,1361,B,89.3992848
2682,dribble,1361,B,89.3992848
2683,goal,1361,B,89.43261786666666
2683,dribble,1361,B,89.43261786666666
2684,goal,1361,B,89.46595093333333
2684,dribble,1361,B,89.46595093333333
2685,goal,1361,B,89.499284
2685,dribble,1361,B,89.499284
2686,goal,1361,B,89.53261706666666
2686,dribble,1361,B,89.53261706666666
2687,goal,1361,B,89.56595013333333
2687,dribble,1361,B,89.56595013333333
2688,goal,1361,B,89.5992832
2688,dribble,1361,B,89.5992832
2689,goal,1361,B,89.63261626666666
2689,dribble,1361,B,89.63261626666666
2690,goal,1361,B,89.66594933333333
2690,dribble,1361,B,89.66594933333333
2691,goal,1361,B,89.6992824
2691,dribble,1361,B,89.6992824
2692,goal,1361,B,89.73261546666666
2692,dribble,1361,B,89.73261546666666
2693,goal,1361,B,89.76594853333333
2693,dribble,1361,B,89.76594853333333
2694,goal,1361,B,89.7992816
2694,dribble,1361,B,89.7992816
2695,goal,1361,B,89.83261466666667
2695,dribble,1361,B,89.83261466666667
2696,goal,1361,B,89.86594773333333
2696,dribble,1361,B,89.86594773333333
2697,goal,1361,B,89.8992808
2697,dribble,1361,B,89.8992808
2698,goal,1361,B,89.93261386666667
2698,dribble,1361,B,89.93261386666667
2699,goal,1361,B,89.96594693333333
2699,dribble,1361,B,89.96594693333333
2700,goal,1361,B,89.99928
2700,dribble,1361,B,89.99928
2701,goal,1361,B,90.03261306666667
2701,dribble,1361,B,90.03261306666667
2702,goal,1361,B,90.06594613333333
2702,dribble,1361,B,90.06594613333333
2703,goal,1361,B,90.0992792
2703,dribble,1361,B,90.0992792
2704,goal,1361,B,90.13261226666667
2704,dribble,1361,B,90.13261226666667
2705,goal,1361,B,90.16594533333333
2705,dribble,1361,B,90.16594533333333
2706,goal,1361,B,90.1992784
2706,dribble,1361,B,90.1992784
2707,goal,1361,B,90.23261146666667
2707,dribble,1361,B,90.23261146666667
2708,goal,1361,B,90.26594453333333
2708,dribble,1361,B,90.26594453333333
2709,goal,1361,B,90.2992776
2709,dribble,1361,B,90.2992776
2710,goal,1361,B,90.33261066666667
2710,dribble,1361,B,90.33261066666667
2711,goal,1361,B,90.36594373333334
2711,dribble,1361,B,90.36594373333334
2715,goal,1394,B,90.499276
2716,goal,1394,B,90.53260906666667
2717,goal,1394,B,90.56594213333334
2718,goal,1394,B,90.5992752
2725,goal,1395,B,90.83260666666666
2726,goal,1395,B,90.86593973333333
2727,goal,1395,B,90.89927279999999
2728,goal,1395,B,90.93260586666666
2729,goal,1395,B,90.96593893333333
2730,goal,1395,B,90.999272
2731,goal,1395,B,91.03260506666666
2734,goal,1394,B,91.13260426666666
2782,dribble,1411,B,92.73259146666666
2821,dribble,1436,A,94.03258106666667
2822,dribble,1436,A,94.06591413333334
2823,dribble,1436,B,94.0992472
2824,dribble,1436,B,94.13258026666666
2825,dribble,1436,B,94.16591333333334
2826,dribble,1436,B,94.19924639999999
2827,dribble,1436,B,94.23257946666666
2828,dribble,1436,B,94.26591253333333
2829,dribble,1436,B,94.29924559999999
2830,dribble,1436,B,94.33257866666666
2831,dribble,1436,A,94.36591173333333
2832,dribble,1436,A,94.39924479999999
2847,pass,1424,B,94.8992408
2896,dribble,1471,A,96.53256106666666
2897,dribble,1471,A,96.56589413333333
2898,dribble,1471,A,96.5992272
2899,dribble,1471,A,96.63256026666666
2900,dribble,1471,A,96.66589333333333
2901,dribble,1471,A,96.6992264
2902,dribble,1471,A,96.73255946666667
2903,dribble,1471,A,96.76589253333333
2904,dribble,1471,A,96.7992256
2905,dribble,1471,A,96.83255866666667
2906,dribble,1471,A,96.86589173333333
2907,dribble,1471,A,96.8992248
2908,dribble,1471,A,96.93255786666667
2909,dribble,1471,A,96.96589093333333
2910,dribble,1471,A,96.999224
2911,dribble,1471,A,97.03255706666667
2912,dribble,1471,A,97.06589013333333
2913,dribble,1471,A,97.0992232
2914,dribble,1471,A,97.13255626666667
2915,dribble,1471,A,97.16588933333333
2916,dribble,1471,A,97.1992224
2917,dribble,1471,A,97.23255546666667
2918,dribble,1471,A,97.26588853333332
2919,dribble,1471,A,97.2992216
2920,dribble,1471,A,97.33255466666667
2921,dribble,1471,A,97.36588773333334
2922,dribble,1471,A,97.3992208
2923,dribble,1471,A,97.43255386666667
2924,dribble,1471,A,97.46588693333334
2925,dribble,1471,A,97.49922
2926,dribble,1471,A,97.53255306666667
2927,dribble,1471,A,97.56588613333334
2928,dribble,1471,A,97.5992192
2929,dribble,1471,A,97.63255226666666
2930,dribble,1471,A,97.66588533333334
2931,dribble,1471,A,97.69921839999999
2932,dribble,1471,A,97.73255146666666
2933,dribble,1471,A,97.76588453333333
2934,dribble,1471,A,97.79921759999999
2935,dribble,1471,A,97.83255066666666
2936,dribble,1471,A,97.86588373333333
2937,dribble,1471,A,97.8992168
2960,dribble,1471,A,98.66587733333333
2961,dribble,1471,A,98.6992104
2962,dribble,1471,A,98.73254346666667
2963,dribble,1471,A,98.76587653333333
2964,dribble,1471,A,98.7992096
2972,goal,1458,B,99.06587413333334
2973,goal,1458,B,99.0992072
2974,goal,1458,B,99.13254026666667
2975,goal,1458,B,99.16587333333334
2976,goal,1458,B,99.1992064
2977,goal,1458,B,99.23253946666667
2978,goal,1458,B,99.26587253333334
2979,goal,1458,B,99.2992056
2980,goal,1458,B,99.33253866666666
2980,dribble,1458,B,99.33253866666666
2981,goal,1458,B,99.36587173333334
2981,dribble,1458,B,99.36587173333334
2982,goal,1458,B,99.39920479999999
2982,dribble,1458,B,99.39920479999999
2983,goal,1458,B,99.43253786666666
2983,dribble,1458,B,99.43253786666666
2984,goal,1458,B,99.46587093333333
2984,dribble,1458,B,99.46587093333333
2985,goal,1458,B,99.49920399999999
2985,dribble,1458,B,99.49920399999999
2989,goal,1531,B,99.63253626666666
2990,goal,1531,B,99.66586933333333
2991,goal,1531,B,99.6992024
2992,goal,1531,B,99.73253546666666
2993,goal,1531,B,99.76586853333333
2994,goal,1531,B,99.7992016
2995,goal,1531,B,99.83253466666666
2996,goal,1531,B,99.86586773333333
2997,goal,1531,B,99.8992008
2998,goal,1531,B,99.93253386666666
2999,goal,1531,B,99.96586693333333
3000,goal,1531,B,99.9992
3001,goal,1531,B,100.03253306666666
3002,goal,1531,B,100.06586613333333
3003,goal,1531,B,100.0991992
3004,goal,1531,B,100.13253226666666
3004,dribble,1531,B,100.13253226666666
3005,goal,1531,B,100.16586533333333
3005,dribble,1531,B,100.16586533333333
3006,goal,1531,B,100.1991984
3006,dribble,1531,B,100.1991984
3007,goal,1531,B,100.23253146666667
3007,dribble,1531,B,100.23253146666667
3008,goal,1531,B,100.26586453333333
3008,dribble,1531,B,100.26586453333333
3009,goal,1531,B,100.2991976
3009,dribble,1531,B,100.2991976
3010,goal,1531,B,100.33253066666667
3010,dribble,1531,B,100.33253066666667
3011,goal,1531,B,100.36586373333333
3011,dribble,1531,B,100.36586373333333
3012,goal,1531,B,100.3991968
3012,dribble,1531,B,100.3991968
3013,dribble,1531,A,100.43252986666667
3014,dribble,1531,A,100.46586293333333
3015,dribble,1531,B,100.499196
3064,dribble,1538,B,102.13251626666667
3065,dribble,1538,B,102.16584933333333
3066,dribble,1538,B,102.1991824
3101,dribble,1546,B,103.36583973333333
3102,dribble,1546,B,103.3991728
3103,goal,1546,B,103.43250586666666
3103,dribble,1546,B,103.43250586666666
3104,goal,1546,B,103.46583893333333
3104,dribble,1546,B,103.46583893333333
3105,goal,1546,B,103.499172
3105,dribble,1546,B,103.499172
3106,goal,1546,B,103.53250506666666
3106,dribble,1546,B,103.53250506666666
3107,goal,1546,B,103.56583813333333
3107,dribble,1546,B,103.56583813333333
3108,goal,1546,B,103.5991712
3108,dribble,1546,B,103.5991712
3109,goal,1546,B,103.63250426666666
3109,dribble,1546,B,103.63250426666666
3110,goal,1546,B,103.66583733333333
3110,dribble,1546,B,103.66583733333333
3111,goal,1546,B,103.6991704
3111,dribble,1546,B,103.6991704
3112,goal,1546,B,103.73250346666667
3112,dribble,1546,B,103.73250346666667
3113,goal,1546,B,103.76583653333333
3113,dribble,1546,B,103.76583653333333
3114,goal,1546,B,103.7991696
3114,dribble,1546,B,103.7991696
3115,goal,1546,B,103.83250266666667
3115,dribble,1546,B,103.83250266666667
3116,goal,1546,B,103.86583573333333
3116,dribble,1546,B,103.86583573333333
3117,goal,1546,B,103.8991688
3117,dribble,1546,B,103.8991688
3118,goal,1546,B,103.93250186666667
3118,dribble,1546,B,103.93250186666667
3119,goal,1546,B,103.96583493333333
3119,dribble,1546,B,103.96583493333333
3120,goal,1546,B,103.999168
3120,dribble,1546,B,103.999168
3121,goal,1546,B,104.03250106666667
3121,dribble,1546,B,104.03250106666667
3122,goal,1546,B,104.06583413333333
3122,dribble,1546,B,104.06583413333333
3123,goal,1546,B,104.0991672
3123,dribble,1546,B,104.0991672
3124,goal,1546,B,104.13250026666667
3124,dribble,1546,B,104.13250026666667
3125,goal,1541,B,104.16583333333332
3126,goal,1541,B,104.1991664
3135,goal,1553,B,104.499164
3136,goal,1553,B,104.53249706666666
3137,goal,1553,B,104.56583013333334
3138,goal,1553,B,104.59916319999999
3139,goal,1553,B,104.63249626666666
3140,goal,1553,B,104.66582933333333
3141,goal,1553,B,104.69916239999999
3142,goal,1541,B,104.73249546666666
3143,goal,1541,B,104.76582853333333
3144,goal,1541,B,104.7991616
3145,goal,1541,B,104.83249466666666
3146,goal,1541,B,104.86582773333333
3147,goal,1541,B,104.8991608
3148,goal,1541,B,104.93249386666666
3149,goal,1541,B,104.96582693333333
3150,goal,1541,B,104.99916
3151,goal,1541,B,105.03249306666666
3152,goal,1541,B,105.06582613333333
3153,goal,1541,B,105.0991592
3154,goal,1541,B,105.13249226666666
3155,goal,1541,B,105.16582533333333
3156,goal,1541,B,105.1991584
3157,goal,1541,B,105.23249146666666
3157,dribble,1541,B,105.23249146666666
3158,goal,1541,B,105.26582453333333
3158,dribble,1541,B,105.26582453333333
3159,goal,1541,B,105.2991576
3159,dribble,1541,B,105.2991576
3160,goal,1541,B,105.33249066666666
3160,dribble,1541,B,105.33249066666666
3161,goal,1541,B,105.36582373333333
3161,dribble,1541,B,105.36582373333333
3162,goal,1541,B,105.3991568
3162,dribble,1541,B,105.3991568
3163,goal,1541,B,105.43248986666667
3163,dribble,1541,B,105.43248986666667
3164,goal,1541,B,105.46582293333333
3164,dribble,1541,B,105.46582293333333
3165,goal,1541,B,105.499156
3165,dribble,1541,B,105.499156
3166,goal,1541,B,105.53248906666667
3166,dribble,1541,B,105.53248906666667
3167,goal,1541,B,105.56582213333333
3167,dribble,1541,B,105.56582213333333
3168,goal,1541,B,105.5991552
3168,dribble,1541,B,105.5991552
3169,goal,1541,B,105.63248826666667
3169,dribble,1541,B,105.63248826666667
3170,goal,1541,B,105.66582133333333
3170,dribble,1541,B,105.66582133333333
3171,goal,1541,B,105.6991544
3171,dribble,1541,B,105.6991544
3172,goal,1541,B,105.73248746666667
3172,dribble,1541,B,105.73248746666667
3173,goal,1541,B,105.76582053333333
3173,dribble,1541,B,105.76582053333333
3174,goal,1541,B,105.7991536
3174,dribble,1541,B,105.7991536
3175,goal,1541,B,105.83248666666667
3175,dribble,1541,B,105.83248666666667
3176,goal,1541,B,105.86581973333332
3176,dribble,1541,B,105.86581973333332
3177,dribble,1541,A,105.8991528
3178,goal,1541,B,105.93248586666667
3178,dribble,1541,B,105.93248586666667
3179,goal,1541,B,105.96581893333334
3179,dribble,1541,B,105.96581893333334
3180,goal,1541,B,105.999152
3180,dribble,1541,B,105.999152
3181,goal,1541,B,106.03248506666667
3181,dribble,1541,B,106.03248506666667
3182,goal,1541,B,106.06581813333334
3182,dribble,1541,B,106.06581813333334
3183,goal,1541,B,106.0991512
3183,dribble,1541,B,106.0991512
3184,goal,1541,B,106.13248426666667
3184,dribble,1541,B,106.13248426666667
3185,goal,1541,B,106.16581733333334
3185,dribble,1541,B,106.16581733333334
3186,goal,1541,B,106.1991504
3186,dribble,1541,B,106.1991504
3187,goal,1541,B,106.23248346666666
3187,dribble,1541,B,106.23248346666666
3188,dribble,1541,A,106.26581653333334
3189,goal,1541,B,106.29914959999999
3189,dribble,1541,B,106.29914959999999
3190,goal,1541,B,106.33248266666666
3190,dribble,1541,B,106.33248266666666
3191,goal,1541,B,106.36581573333333
3191,dribble,1541,B,106.36581573333333
3192,goal,1541,B,106.39914879999999
3192,dribble,1541,B,106.39914879999999
3193,goal,1541,B,106.43248186666666
3193,dribble,1541,B,106.43248186666666
3194,goal,1541,B,106.46581493333333
3194,dribble,1541,B,106.46581493333333
3195,goal,1541,B,106.49914799999999
3195,dribble,1541,B,106.49914799999999
3196,goal,1541,B,106.53248106666666
3196,dribble,1541,B,106.53248106666666
3197,dribble,1541,A,106.56581413333333
3198,goal,1541,B,106.5991472
3198,dribble,1541,B,106.5991472
3199,dribble,1541,A,106.63248026666666
3200,dribble,1541,A,106.66581333333333
3201,dribble,1541,A,106.6991464
3202,dribble,1541,A,106.73247946666666
3203,dribble,1541,A,106.76581253333333
3204,goal,1541,B,106.7991456
3204,dribble,1541,B,106.7991456
3205,dribble,1541,A,106.83247866666666
3206,dribble,1541,A,106.86581173333333
3207,dribble,1541,A,106.8991448
3208,dribble,1541,A,106.93247786666666
3209,dribble,1541,A,106.96581093333333
3210,dribble,1541,A,106.999144
3211,dribble,1541,A,107.03247706666666
3212,dribble,1541,A,107.06581013333333
3213,dribble,1541,A,107.0991432
3214,dribble,1541,A,107.13247626666667
3215,dribble,1541,A,107.16580933333333
3216,dribble,1541,A,107.1991424
3217,dribble,1541,A,107.23247546666667
3218,dribble,1541,A,107.26580853333333
3219,dribble,1541,A,107.2991416
3220,dribble,1541,A,107.33247466666667
3221,dribble,1541,A,107.36580773333333
3222,dribble,1541,A,107.3991408
3223,dribble,1541,A,107.43247386666667
3224,dribble,1541,A,107.46580693333333
3225,dribble,1541,A,107.49914
3226,dribble,1541,A,107.53247306666667
3227,dribble,1541,A,107.56580613333333
3228,dribble,1541,A,107.5991392
3229,dribble,1541,A,107.63247226666667
3230,dribble,1541,A,107.66580533333332
3231,dribble,1541,A,107.6991384
3232,dribble,1541,A,107.73247146666667
3233,dribble,1541,A,107.76580453333334
3234,dribble,1541,A,107.7991376
3235,dribble,1541,A,107.83247066666667
3236,dribble,1541,A,107.86580373333334
3237,dribble,1541,A,107.8991368
3238,dribble,1541,A,107.93246986666666
3239,dribble,1541,A,107.96580293333334
3240,dribble,1541,A,107.999136
3241,dribble,1541,A,108.03246906666666
3242,dribble,1541,A,108.06580213333334
3243,dribble,1541,A,108.09913519999999
3244,dribble,1541,A,108.13246826666666
3245,dribble,1541,A,108.16580133333333
3246,dribble,1541,A,108.19913439999999
3247,dribble,1541,A,108.23246746666666
3248,dribble,1541,A,108.26580053333333
3249,dribble,1541,A,108.2991336
3250,dribble,1541,A,108.33246666666666
3251,goal,1541,B,108.36579973333333
3251,dribble,1541,B,108.36579973333333
3252,goal,1541,B,108.3991328
3252,dribble,1541,B,108.3991328
3253,goal,1541,B,108.43246586666666
3253,dribble,1541,B,108.43246586666666
3254,goal,1555,B,108.46579893333333
3255,goal,1555,B,108.499132
3256,goal,1555,B,108.53246506666666
3257,goal,1555,B,108.56579813333333
3258,goal,1555,B,108.5991312
3259,goal,1555,B,108.63246426666666
3260,goal,1555,B,108.66579733333333
3261,goal,1555,B,108.6991304
3262,goal,1555,B,108.73246346666666
3263,goal,1555,B,108.76579653333333
3264,goal,1555,B,108.7991296
3265,goal,1555,B,108.83246266666666
3288,goal,1555,B,109.5991232
3289,goal,1555,B,109.63245626666667
3290,goal,1555,B,109.66578933333334
3301,goal,1562,B,110.03245306666666
3302,goal,1562,B,110.06578613333333
3303,goal,1562,B,110.0991192
3304,goal,1562,B,110.13245226666666
3305,goal,1555,B,110.16578533333333
3306,goal,1555,B,110.1991184
3307,goal,1555,B,110.23245146666666
3308,goal,1555,B,110.26578453333333
3309,goal,1555,B,110.2991176
3310,goal,1555,B,110.33245066666666
3311,goal,1555,B,110.36578373333333
3312,goal,1555,B,110.3991168
3313,goal,1555,B,110.43244986666666
3314,goal,1568,B,110.46578293333333
3315,goal,1568,B,110.499116
3316,goal,1568,B,110.53244906666666
3317,goal,1568,B,110.56578213333333
3318,goal,1568,B,110.5991152
3319,goal,1568,B,110.63244826666667
3320,goal,1568,B,110.66578133333333
3321,goal,1568,B,110.6991144
3322,goal,1568,B,110.73244746666667
3323,goal,1568,B,110.76578053333333
3324,goal,1568,B,110.7991136
3325,goal,1568,B,110.83244666666667
3326,goal,1572,B,110.86577973333333
3327,goal,1572,B,110.8991128
3328,goal,1572,B,110.93244586666667
3329,goal,1572,B,110.96577893333333
3330,goal,1568,B,110.999112
3331,goal,1568,B,111.03244506666667
3332,goal,1568,B,111.06577813333332
3333,goal,1541,B,111.0991112
3334,goal,1541,B,111.13244426666667
3335,goal,1541,B,111.16577733333334
3336,goal,1541,B,111.1991104
3352,goal,1576,B,111.73243946666666
3353,goal,1576,B,111.76577253333333
3354,goal,1576,B,111.7991056
3355,goal,1576,B,111.83243866666666
3356,goal,1576,B,111.86577173333333
3357,goal,1576,B,111.8991048
3358,goal,1576,B,111.93243786666666
3359,goal,1576,B,111.96577093333333
3360,goal,1576,B,111.999104
3388,dribble,1581,A,112.93242986666667
3409,goal,1584,B,113.63242426666666
3410,goal,1584,B,113.66575733333333
3411,goal,1584,B,113.6990904
3454,dribble,1587,A,115.13241226666666
3455,dribble,1587,A,115.16574533333333
3456,dribble,1587,A,115.1990784
3457,dribble,1587,A,115.23241146666666
3458,dribble,1587,A,115.26574453333333
3459,dribble,1587,A,115.2990776
3460,dribble,1587,A,115.33241066666666
3461,dribble,1587,A,115.36574373333333
3462,dribble,1587,A,115.3990768
3463,dribble,1587,A,115.43240986666666
3464,dribble,1587,A,115.46574293333333
3465,goal,1597,B,115.499076
3466,goal,1597,B,115.53240906666666
3467,goal,1597,B,115.56574213333333
3468,goal,1597,B,115.5990752
3469,goal,1597,B,115.63240826666666
3470,goal,1598,B,115.66574133333333
3471,goal,1598,B,115.6990744
3472,goal,1598,B,115.73240746666666
3473,goal,1598,B,115.76574053333333
3474,goal,1598,B,115.7990736
3475,goal,1598,B,115.83240666666667
3476,goal,1598,B,115.86573973333333
3481,goal,1599,B,116.03240506666667
3482,goal,1599,B,116.06573813333333
3515,dribble,1599,B,117.16572933333333
3516,dribble,1599,B,117.1990624
3517,dribble,1599,B,117.23239546666666
3518,dribble,1599,B,117.26572853333333
3519,dribble,1599,B,117.2990616
3535,dribble,1601,A,117.83239066666667
3536,dribble,1601,A,117.86572373333333
3537,dribble,1601,A,117.8990568
3538,dribble,1601,A,117.93238986666667
3539,dribble,1601,A,117.96572293333332
3577,dribble,1601,A,119.23237946666667
3578,dribble,1601,A,119.26571253333333
3579,dribble,1601,A,119.2990456
3595,dribble,1599,B,119.83237466666667
3596,dribble,1599,B,119.86570773333334
3597,dribble,1599,B,119.8990408
3598,dribble,1599,B,119.93237386666667
3599,dribble,1599,B,119.96570693333334
3600,dribble,1599,B,119.99904
3601,dribble,1599,B,120.03237306666666
3602,dribble,1599,B,120.06570613333334
3603,dribble,1599,B,120.09903919999999
